Ticker,Company,Sector,Industry,Close_2014-12-09,Close_2014-12-23,Close_2015-02-05,Close_2015-04-09,Close_2015-10-30,Close_2016-07-19,Close_2016-09-05,Close_2017-07-27,Close_2022-11-04,Close_2024-11-07,Close_2024-12-19,Close_2025-02-17,Close_2025-02-18,Close_2025-02-19,Close_2025-02-20,Close_2025-02-21,Close_2025-02-24,Close_2025-02-25,Close_2025-02-26,Close_2025-02-27,Close_2025-03-04,Close_2025-04-01,Close_2025-04-30,Close_2025-05-14,Close_2025-05-19,Close_2025-05-23,Close_2025-06-09,Close_2025-06-10,Close_2025-06-11,Close_2025-06-12,Close_2025-06-13,Close_2025-06-16,Close_2025-06-17,Close_2025-06-18,Close_2025-06-19,Close_2025-06-20,Close_2025-08-05,Close_2025-12-02,Close_2026-01-22,Close_2026-01-23,Close_2026-01-28,Close_2026-01-29,Close_2026-01-30,Close_2026-02-02,Close_2026-02-03,Close_2026-02-04,Close_2026-02-05,Close_2026-02-06,Close_2026-02-09,Close_2026-02-10,Close_2026-02-11,Close_2026-02-12,Close_2026-02-13,Close_2026-02-16,Close_2026-02-17,Close_2026-02-18,Close_2026-02-19,Close_2026-02-20,Close_2026-02-23,Close_2026-02-24,Close_2026-02-25,Close_2026-02-26,Close_2026-02-27,Close_2026-03-02,Close_2026-03-03,Close_2026-03-04,Close_2026-03-05,Close_2026-03-06,Close_2026-03-09,Volume_2014-12-09,Volume_2014-12-23,Volume_2015-02-05,Volume_2015-04-09,Volume_2015-10-30,Volume_2016-07-19,Volume_2016-09-05,Volume_2017-07-27,Volume_2022-11-04,Volume_2024-11-07,Volume_2024-12-19,Volume_2025-02-17,Volume_2025-02-18,Volume_2025-02-19,Volume_2025-02-20,Volume_2025-02-21,Volume_2025-02-24,Volume_2025-02-25,Volume_2025-02-26,Volume_2025-02-27,Volume_2025-03-04,Volume_2025-04-01,Volume_2025-04-30,Volume_2025-05-14,Volume_2025-05-19,Volume_2025-05-23,Volume_2025-06-09,Volume_2025-06-10,Volume_2025-06-11,Volume_2025-06-12,Volume_2025-06-13,Volume_2025-06-16,Volume_2025-06-17,Volume_2025-06-18,Volume_2025-06-19,Volume_2025-06-20,Volume_2025-08-05,Volume_2025-12-02,Volume_2026-01-22,Volume_2026-01-23,Volume_2026-01-28,Volume_2026-01-29,Volume_2026-01-30,Volume_2026-02-02,Volume_2026-02-03,Volume_2026-02-04,Volume_2026-02-05,Volume_2026-02-06,Volume_2026-02-09,Volume_2026-02-10,Volume_2026-02-11,Volume_2026-02-12,Volume_2026-02-13,Volume_2026-02-16,Volume_2026-02-17,Volume_2026-02-18,Volume_2026-02-19,Volume_2026-02-20,Volume_2026-02-23,Volume_2026-02-24,Volume_2026-02-25,Volume_2026-02-26,Volume_2026-02-27,Volume_2026-03-02,Volume_2026-03-03,Volume_2026-03-04,Volume_2026-03-05,Volume_2026-03-06,Volume_2026-03-09
ABSA,Absa Bank Kenya Plc,Financials,Banking,,,,,,,,,,,,,,,,,,,,,,,,,,,,,,,,,,,,,,,,,,,,,,,,,,,,,,,,,,,,29.1,29.5,30.95,32.2,32.1,32.05,30.0,29.55,30.15,30.05,,,,,,,,,,,,,,,,,,,,,,,,,,,,,,,,,,,,,,,,,,,,,,,,,,,,,,,,,,,,564452.0,2435843.0,588603.0,1543114.0,339794.0,250471.0,5917798.0,1097815.0,594426.0,2875690.0
BAMB,Bamburi Cement Limited,Industrials,—,,,,,,,,,,,,57.25,57.25,57.25,57.0,56.5,57.5,57.25,56.5,56.5,,,,54.0,,,,,,,,,,,,,,,,,,,,,,,,,,,,,,,,,,,,,,,,,,,,,,,,,,,,,,,,,1500.0,4100.0,6000.0,7800.0,1600.0,4000.0,4200.0,6300.0,60000.0,,,,1500.0,,,,,,,,,,,,,,,,,,,,,,,,,,,,,,,,,,,,,,,,,,,,,
BAT,British American Tobacco Kenya,Consumer Goods,—,,,,,,,,,,,,,,,,,,,,,,,,,,,,,,,,,,,,,,,,,,,,,,,,,,,,,,,,,,,,525.0,526.0,538.0,567.0,570.0,570.0,566.0,563.0,555.0,548.0,,,,,,,,,,,,,,,,,,,,,,,,,,,,,,,,,,,,,,,,,,,,,,,,,,,,,,,,,,,,8038.0,21720.0,2017.0,45284.0,19454.0,48757.0,20336.0,42335.0,12203.0,48513.0
BRIT,Britam Holdings Limited,Financials,Insurance,,,,,,,,,,,,,,,,,,,,,,,,,,,,,,,,,,,,,,,,,,,,,,,,,,,,,,,,,,,,11.1,11.7,12.6,12.95,12.75,12.2,11.9,11.7,11.6,11.75,,,,,,,,,,,,,,,,,,,,,,,,,,,,,,,,,,,,,,,,,,,,,,,,,,,,,,,,,,,,230893.0,147223.0,145829.0,143258.0,70240.0,116636.0,357338.0,132675.0,146190.0,83992.0
CIC,CIC Insurance Group Limited,Financials,—,,,,,,,,,,,,,,,,,,,,,,,,,,,,,,,,,,,,,,,,,,,,,,,,,,,,,,,,,,,,5.04,5.26,5.2,5.36,5.34,5.28,5.18,4.85,4.91,5.06,,,,,,,,,,,,,,,,,,,,,,,,,,,,,,,,,,,,,,,,,,,,,,,,,,,,,,,,,,,,1680235.0,672965.0,399293.0,965297.0,644784.0,343842.0,447439.0,272971.0,346139.0,533637.0
COOP,Co-operative Bank of Kenya Limited,Financials,—,,,,,,,,,,,,,,,,,,,,,,,,,,,,,,,,,,,,,,,,,,,,,,,,,,,,,,,,,,29.05,,29.0,29.0,29.0,29.2,30.55,31.0,30.45,29.85,30.0,29.9,,,,,,,,,,,,,,,,,,,,,,,,,,,,,,,,,,,,,,,,,,,,,,,,,,,,,,,,,,1161775.0,,556511.0,3894497.0,4284843.0,2900214.0,272117.0,931615.0,1262638.0,835689.0,392736.0,496641.0
DTK,Diamond Trust Bank Kenya Limited,Financials,—,,,,,,,,,,,,,,,,,,,,,,,,,,,,,,,,,,,,,,,,,,,,,,,,,,,,,,,,,,,,154.0,158.25,158.25,154.75,158.0,157.5,155.25,155.25,157.0,156.75,,,,,,,,,,,,,,,,,,,,,,,,,,,,,,,,,,,,,,,,,,,,,,,,,,,,,,,,,,,,50952.0,55749.0,41562.0,79286.0,19353.0,57508.0,181484.0,11391.0,55912.0,127931.0
EABL,East African Breweries Limited,Consumer Goods,Beverages,,,,,,,,,,,,,,,,,,,,,,,,,,,,,,,,,,,,,,,,,,,,,,,,,,,,,,,,,,,,250.75,250.5,255.25,259.5,268.75,266.0,257.25,250.0,256.0,255.25,,,,,,,,,,,,,,,,,,,,,,,,,,,,,,,,,,,,,,,,,,,,,,,,,,,,,,,,,,,,119475.0,94009.0,13334.0,398036.0,462253.0,9156.0,6703.0,348291.0,6859.0,42057.0
EQTY,Equity Group Holdings Limited,Financials,Banking,,,,,,,,,,,,,,,,,,,,,,,,,,,,,,,,,,,,,,,,,,,,,,,,,,,,,,,,,,73.25,,74.5,76.5,76.5,77.25,77.25,76.75,74.5,74.5,74.5,74.0,,,,,,,,,,,,,,,,,,,,,,,,,,,,,,,,,,,,,,,,,,,,,,,,,,,,,,,,,,432171.0,,5820316.0,6246389.0,4223133.0,2978280.0,5460479.0,5775493.0,4151143.0,4721493.0,4114650.0,3284476.0
IMH,I&M Holdings Plc,Financials,Banking,,,,,,,,,,,,,,,,,,,,,,,,,,,,,,,,,,,,,,,,,,,,,,,,,,,,,,,,,,,,48.95,49.1,50.0,51.0,49.55,50.25,49.75,49.6,49.55,49.05,,,,,,,,,,,,,,,,,,,,,,,,,,,,,,,,,,,,,,,,,,,,,,,,,,,,,,,,,,,,1181609.0,479737.0,2142054.0,512480.0,2655826.0,187671.0,275981.0,316122.0,644329.0,1408332.0
JUB,Jubilee Holdings Limited,Financials,—,,,,,,,,,,,,,,,,,,,,,,,,,,,,,,,,,,,,,,,,,,,,,,,,,,,,,,,,,,,,363.5,366.75,366.75,373.25,374.5,380.0,378.25,375.25,384.0,378.75,,,,,,,,,,,,,,,,,,,,,,,,,,,,,,,,,,,,,,,,,,,,,,,,,,,,,,,,,,,,771.0,743.0,305.0,835.0,1006.0,1699.0,1102.0,7050.0,916.0,1404.0
KCB,KCB Group,Financials,Banking,,,,,,,,,,,,,,,,,,,,,,,,,,,,,,,,,,,,,,,,,,,,,,,,,,,,,,,,,,,,75.0,75.5,77.0,80.25,77.75,77.5,75.0,74.25,77.5,77.0,,,,,,,,,,,,,,,,,,,,,,,,,,,,,,,,,,,,,,,,,,,,,,,,,,,,,,,,,,,,3274656.0,1286868.0,2714790.0,1062307.0,312007.0,2194884.0,1582237.0,997937.0,2782623.0,2603319.0
KPLC,Kenya Power & Lighting Company,Utilities,Electricity,,,,,,,,,,,,,,,,,,,,,,,,,,,,,,,,,,,,,,,,,,,,,,,,,,,,,,,,,,17.25,,17.4,17.7,18.4,18.5,18.3,17.85,17.3,16.9,17.05,17.1,,,,,,,,,,,,,,,,,,,,,,,,,,,,,,,,,,,,,,,,,,,,,,,,,,,,,,,,,,2226421.0,,1254911.0,1178593.0,786136.0,1165595.0,837681.0,1972072.0,1468872.0,710922.0,1051674.0,942479.0
KQ,Kenya Airways Limited,Industrials,Aviation,,,,,,,,,,,,,,,,,,,,,,,,,,,,,,,,,,,,,,,,,,,,,,,,,,,,,,,,,,,5.52,5.56,5.72,5.62,5.6,5.26,4.92,4.51,4.47,4.91,,,,,,,,,,,,,,,,,,,,,,,,,,,,,,,,,,,,,,,,,,,,,,,,,,,,,,,,,,,,37940179.0,32071165.0,403663.0,4895223.0,6898057.0,3768418.0,487883.0,700929.0,1579281.0,35638.0,
KUKZ,Kakuzi Limited,Consumer Goods,—,,,,,,,,,,,,,,,,,,,,,,,,,,,,,,,,,,,,,,,,,,,,,,,,,,,,,,,,,,,,421.25,421.25,436.5,436.5,433.0,421.0,424.75,420.5,420.5,429.0,,,,,,,,,,,,,,,,,,,,,,,,,,,,,,,,,,,,,,,,,,,,,,,,,,,,,,,,,,,,91.0,1352.0,54.0,443.0,313.0,181.0,353.0,71.0,101.0,284.0
NCBA,NCBA Group Plc,Financials,Banking,,,,,,,,,,,,,,,,,,,,,,,,,,,,,,,,,,,,,,,,,,,,,,,,,,,,,,,,,,,,90.0,90.25,92.25,92.5,91.5,89.5,88.25,87.75,88.0,87.75,,,,,,,,,,,,,,,,,,,,,,,,,,,,,,,,,,,,,,,,,,,,,,,,,,,,,,,,,,,,172836.0,145610.0,177902.0,241935.0,37481.0,32064.0,212372.0,118790.0,71052.0,75047.0
SASN,Sasini Tea and Coffee Limited,Consumer Goods,—,,,,,,,,,,,,,,,,,,,,,,,,,,,,,,,,,,,,,,,,,,,,,,,,,,,,,,,,,,,,27.95,28.35,28.4,28.4,29.1,29.6,29.6,28.35,28.35,28.0,,,,,,,,,,,,,,,,,,,,,,,,,,,,,,,,,,,,,,,,,,,,,,,,,,,,,,,,,,,,67867.0,20348.0,98495.0,32885.0,23852.0,42277.0,17868.0,34845.0,34405.0,13161.0
SBIC,Stanbic Holdings Limited,Financials,—,,,,,,,,,,,,,,,,,,,,,,,,,,,,,,,,,,,,,,,,,,,,,,,,,,,,,,,,,,,,253.75,254.0,255.25,255.25,257.25,256.0,255.0,255.0,255.0,255.75,,,,,,,,,,,,,,,,,,,,,,,,,,,,,,,,,,,,,,,,,,,,,,,,,,,,,,,,,,,,34003.0,17070.0,24282.0,51047.0,36033.0,20605.0,112564.0,76205.0,357460.0,28021.0
SCBK,Standard Chartered Bank Limited,Financials,—,,,,,,,,,,,,,,,,,,,,,,,,,,,,,,,,,,,,,,,,,,,,,,,,,,,,,,,,,,,337.25,340.5,345.25,350.5,362.25,352.5,352.25,355.5,355.25,340.25,,,,,,,,,,,,,,,,,,,,,,,,,,,,,,,,,,,,,,,,,,,,,,,,,,,,,,,,,,,,42136.0,50464.0,26561.0,63854.0,36618.0,13712.0,30622.0,13476.0,298382.0,13664.0,
SCOM,Safaricom Plc,Telecommunications,Mobile Telecommunications,,,,,,,,,,,,,,,,,,,,,,,,,,,,,,,,,,,,,,,,,,,,,,,,,,,,,,,,,,,,32.9,33.1,32.7,32.0,31.7,31.05,30.55,30.75,30.65,30.15,,,,,,,,,,,,,,,,,,,,,,,,,,,,,,,,,,,,,,,,,,,,,,,,,,,,,,,,,,,,11818533.0,7920799.0,12763939.0,8548403.0,772223.0,1311344.0,2524620.0,2057116.0,19348587.0,8460555.0
TOTL,Total Kenya Limited,Oil & Gas,—,,,,,,,,,,,,,,,,,,,,,,,,,,,,,,,,,,,,,,,,,,,,,,,,,,,,,,,,,,,42.45,42.2,42.05,42.45,42.85,43.4,43.2,43.05,43.6,43.75,,,,,,,,,,,,,,,,,,,,,,,,,,,,,,,,,,,,,,,,,,,,,,,,,,,,,,,,,,,,22164.0,31379.0,49110.0,55697.0,31840.0,62362.0,31858.0,35947.0,52109.0,10199.0,
AMAC,Africa Mega Agricorp,Consumer Goods,—,,,,,,,,,,,,,,,,,,,,,,,,,,,,,,,,,,,,,,,,,77.5,,,,,,,,,,,,,,,,,95.75,,94.5,98.25,94.25,96.25,97.75,98.0,100.25,102.0,108.25,108.25,,,,,,,,,,,,,,,,,,,,,,,,,,,,,,,,,,,,,,,,,13.0,,,,,,,,,,,,,,,,,444.0,,404.0,801.0,483.0,313.0,172.0,1684.0,1057.0,1531.0,1229.0,366.0
BKG,BK Group Plc,Financials,Banking,,,,,,,,,,,,,,,,,,,,,,,,,,,,,,,,,,,,,,,,,,,,,,,,,,,,,,,,,,,46.0,46.0,46.0,47.05,45.5,48.0,48.0,49.1,47.9,47.9,,,,,,,,,,,,,,,,,,,,,,,,,,,,,,,,,,,,,,,,,,,,,,,,,,,,,,,,,,,,367095.0,301475.0,1987.0,203023.0,65729.0,2451.0,4220.0,135772.0,6680.0,6157.0,
BOC,BOC Kenya Limited,Basic Materials,—,,,,,,,,,,,,,,,,,,,,,,,,,,,,,,,,,,,,,,,,,,,,,,,,,,,,,,,,,,138.75,,130.75,136.0,134.0,132.5,132.25,133.0,128.25,122.5,125.75,125.25,,,,,,,,,,,,,,,,,,,,,,,,,,,,,,,,,,,,,,,,,,,,,,,,,,,,,,,,,,1693.0,,30299.0,10744.0,613.0,1350.0,3369.0,11662.0,6644.0,1528.0,45095.0,3681.0
CABL,East African Cables Limited,Industrials,—,,,,,,,,,,,,,,,,,,,,,,,,,,,1.81,1.9,1.9,1.85,1.88,1.86,1.85,1.81,1.73,1.71,,,,,,,,,,,,,,,,,,,,,,,,,,,,,,,,,,,,,,,,,,,,,,,,,,,,,,,,,,,,38500.0,15100.0,3100.0,28500.0,23700.0,32600.0,37500.0,74900.0,296500.0,74400.0,,,,,,,,,,,,,,,,,,,,,,,,,,,,,,,,,
CARB,Carbacid Investments Limited,Basic Materials,—,,,,,,,,,,,,,,,,,,,,,,,,,,,,,,,,,,,,,,,,,,,,,,,,,,,,,,,,,,,,31.25,31.9,31.3,30.55,30.55,30.85,30.4,30.3,29.95,29.75,,,,,,,,,,,,,,,,,,,,,,,,,,,,,,,,,,,,,,,,,,,,,,,,,,,,,,,,,,,,16057.0,15449.0,56078.0,43257.0,157137.0,33242.0,15934.0,38052.0,232451.0,21248.0
CGEN,Car and General Kenya Limited,Consumer Services,—,,,,,,,,,,,,,,,,,,,,,,,,,,,,,,,,,,,,,,,,,,,,,,,,,,,,,,,,,,,,72.75,72.25,71.0,71.25,70.0,69.5,65.25,65.25,64.5,69.0,,,,,,,,,,,,,,,,,,,,,,,,,,,,,,,,,,,,,,,,,,,,,,,,,,,,,,,,,,,,12250.0,1536.0,9105.0,6364.0,5969.0,7985.0,6392.0,1823.0,2063.0,3484.0
CRWN,Crown Paints Kenya Limited,Basic Materials,—,,,,,,,,,,,,,,,,,,,,,,,,,,,,,,,,,,,,,,,,,,,,,,,,,,,,,,,,,,,,65.5,62.25,64.0,62.5,60.75,61.25,60.25,60.25,57.25,59.5,,,,,,,,,,,,,,,,,,,,,,,,,,,,,,,,,,,,,,,,,,,,,,,,,,,,,,,,,,,,2034.0,7472.0,3515.0,8177.0,2490.0,4024.0,1632.0,2432.0,3050.0,1976.0
CTUM,Centum Investment Company,Financials,Investment Services,,,,,,,,,,,,,,,,,,,,,,,,,,,,,,,,,,,,,,,,,,,,,,,,,,,,,,,,,,15.25,,15.0,14.8,14.85,15.0,15.6,15.0,14.7,14.7,14.7,14.75,,,,,,,,,,,,,,,,,,,,,,,,,,,,,,,,,,,,,,,,,,,,,,,,,,,,,,,,,,58193.0,,30757.0,168197.0,23393.0,262399.0,139197.0,72801.0,39892.0,44272.0,210596.0,11496.0
EGAD,Eaagads Limited,Consumer Goods,—,,,,,,,,,,,,,,,,,,,,,,,,,,,,,,,,,,,,,,,,,,,,,,,,,,,,,,,,,,,,32.55,31.7,31.05,31.05,30.1,31.0,31.0,30.1,29.45,29.4,,,,,,,,,,,,,,,,,,,,,,,,,,,,,,,,,,,,,,,,,,,,,,,,,,,,,,,,,,,,6825.0,8977.0,1118.0,3052.0,6781.0,3425.0,3650.0,953.0,13337.0,1555.0
EVRD,Eveready East Africa Limited,Consumer Goods,—,,,,,,,,,,,,,,,,,,,,,,,,,,,,,,,,,,,,,,,,,,,,,,,,,,,,,,,,,,,,1.3,1.22,1.19,1.13,1.06,1.0,0.94,0.94,1.13,1.23,,,,,,,,,,,,,,,,,,,,,,,,,,,,,,,,,,,,,,,,,,,,,,,,,,,,,,,,,,,,3991652.0,8287436.0,5820915.0,10008607.0,7919396.0,9242902.0,13063752.0,234926.0,6425863.0,3567231.0
FTGH,Flame Tree Group Holdings Limited,Basic Materials,—,,,,,,,,,,,,,,,,,,,,,,,,,,,,,,,,,,,,,,,,,,,,,,,,,,,,,,,,,,,,2.28,2.35,2.58,2.58,3.0,2.84,2.57,2.35,2.35,2.48,,,,,,,,,,,,,,,,,,,,,,,,,,,,,,,,,,,,,,,,,,,,,,,,,,,,,,,,,,,,281653.0,212434.0,63652.0,146691.0,384207.0,225709.0,119663.0,142287.0,170541.0,79634.0
GLD,Absa NewGold ETF,Financials,Investment Services,,,,,,,,,,,,,,,,,,,,,,,,,,,,,,,,,,,,,,,,,,,,,,,,,,,,,,,,,,,,6175.0,6175.0,6175.0,6175.0,6230.0,6555.0,6225.0,6400.0,6275.0,6230.0,,,,,,,,,,,,,,,,,,,,,,,,,,,,,,,,,,,,,,,,,,,,,,,,,,,,,,,,,,,,41.0,84.0,6.0,24536.0,1750.0,60922.0,584.0,462.0,726.0,1165.0
HAFR,Home Afrika Limited,Financials,—,,,,,,,,,,,,,,,,,,,,,,,,,,,,,,,,,,,,,,,,,,,,,,,,,,,,,,,,,,,1.39,1.46,1.5,1.5,1.6,1.76,1.85,1.7,1.55,1.46,,,,,,,,,,,,,,,,,,,,,,,,,,,,,,,,,,,,,,,,,,,,,,,,,,,,,,,,,,,,482038.0,509075.0,917887.0,262621.0,1851695.0,1325383.0,2868607.0,1401097.0,618616.0,1701652.0,
HFCK,HF Group Limited,Financials,Financial Services,,,,,,,,,,,,,,,,,,,,,,,,,,,,,,,,,,,,,,,,,,,,10.2,10.3,9.92,10.15,10.1,10.15,,,,,,,,,,,10.3,11.05,10.6,11.25,11.1,10.35,10.2,10.3,10.5,10.8,,,,,,,,,,,,,,,,,,,,,,,,,,,,,,,,,,,,,,,,,,,,408865.0,823338.0,207234.0,159579.0,79084.0,143752.0,,,,,,,,,,,2095147.0,118657.0,5883331.0,587461.0,448034.0,8083392.0,350248.0,262999.0,169155.0,83195.0
KAPC,Kapchorua Tea Company Limited,Consumer Goods,—,,,,,,,,,,,,,,,,,,,,,,,,,,,,,,,,,,,,,,,,,,,,,,,,,,,,,,,,,,,,249.0,248.25,248.25,249.0,255.5,257.0,256.5,252.5,246.75,244.25,,,,,,,,,,,,,,,,,,,,,,,,,,,,,,,,,,,,,,,,,,,,,,,,,,,,,,,,,,,,2187.0,1966.0,2580.0,3167.0,783.0,1400.0,3082.0,1125.0,566.0,405.0
KEGN,KenGen Plc,Utilities,Electricity,,,,,,,,,,,,,,,,,,,,,,,,,,,,,,,,,,,,,,,,,,,,,,,,,,,,,,,,,,,,9.58,9.56,9.66,9.64,9.6,9.54,9.44,9.3,9.2,9.18,,,,,,,,,,,,,,,,,,,,,,,,,,,,,,,,,,,,,,,,,,,,,,,,,,,,,,,,,,,,1039975.0,2466054.0,2097998.0,1434376.0,2814493.0,1524882.0,1375381.0,788136.0,1141454.0,1674677.0
KNRE,Kenya Re-Insurance Corporation Ltd,Financials,—,,,,,,,,,,,,,,,,,,,,,,,,,,,,,,,,,,,,,,,,,,,,,,,,,,,3.15,3.33,3.66,,3.94,3.8,,3.75,,3.8,3.91,3.95,3.91,3.88,3.77,3.49,3.43,3.52,3.78,,,,,,,,,,,,,,,,,,,,,,,,,,,,,,,,,,,,,,,,,,,,,,,,,,,1879702.0,3111389.0,5572308.0,,5946130.0,2757748.0,,1241834.0,,3342170.0,2670777.0,3359842.0,4456918.0,4673574.0,1893584.0,2799926.0,1636641.0,3492833.0,4226454.0
KURV,Kurwitu Ventures Limited,Financials,—,1500.0,1500.0,1500.0,1500.0,1500.0,1500.0,1500.0,1500.0,1500.0,,,,,,,,,,,,,,,,,,,,,,,,,,,,,,,,,,1500.0,,,,,,,,,,,1500.0,,,1500.0,,1500.0,,1500.0,1500.0,1500.0,,1500.0,,1500.0,,1500.0,300.0,300.0,100.0,200.0,800.0,300.0,2000.0,100.0,500.0,,,,,,,,,,,,,,,,,,,,,,,,,,,,,,,,,,1.0,,,,,,,,,,,2.0,,,3.0,,6.0,,6.0,2.0,1.0,,16.0,,2.0,,10.0
LAPR,Laptrust Imara Income-REIT,Real Estate,Real Estate Investment Trust,,,,,,,,,,20.0,20.0,,,,,,,,,20.0,20.0,20.0,20.0,,20.0,20.0,,,,,,,,,,,20.0,20.0,,,,,,,,,,,,,,,,,,,,,,20.0,,,,,,,,,,,,,,,,,,,30000000.0,20000000.0,,,,,,,,,2000000.0,750000.0,30000000.0,2000000.0,,30000000.0,2500000.0,,,,,,,,,,,100.0,30000000.0,,,,,,,,,,,,,,,,,,,,,,25000000.0,,,,,,,,,
LBTY,Liberty Kenya Holdings Limited,Financials,—,,,,,,,,,,,,,,,,,,,,,,,,,,,,,,,,,,,,,,,,,,,,,,,,,,,,,,,,,,,,10.15,10.0,10.0,10.25,10.4,10.4,10.2,10.15,10.15,10.05,,,,,,,,,,,,,,,,,,,,,,,,,,,,,,,,,,,,,,,,,,,,,,,,,,,,,,,,,,,,593329.0,15563.0,32480.0,277083.0,53501.0,22927.0,14236.0,16336.0,11611.0,35649.0
LIMT,Limuru Tea Company Limited,Consumer Goods,—,,,,,,,,,,,,,,,,,,,,,,,,,,,,,,,,,,,,,,,460.0,460.0,,460.0,,,,,,,,,,,,,,,,,,517.0,550.0,550.0,550.0,550.0,542.0,542.0,512.0,512.0,512.0,,,,,,,,,,,,,,,,,,,,,,,,,,,,,,,,,,,,,,,102.0,2.0,,74.0,,,,,,,,,,,,,,,,,,122.0,32.0,15.0,24.0,208.0,22.0,117.0,83.0,5.0,277.0
LKL,Longhorn Publishers Limited,Consumer Services,—,,,,,,,,,,,,,,,,,,,,,,,,,,,,,,,,,,,,,,,,,,,,,,,,,,,,,,,,,,,,3.3,3.29,3.33,3.18,3.33,3.33,3.24,2.98,2.96,2.99,,,,,,,,,,,,,,,,,,,,,,,,,,,,,,,,,,,,,,,,,,,,,,,,,,,,,,,,,,,,6386.0,57139.0,7878.0,7964.0,18981.0,30916.0,34762.0,22001.0,8548.0,45522.0
NBV,Nairobi Business Ventures Ltd,Consumer Services,—,,,,,,,,,,,,,,,,,,,,,,,,,,,,,,,,,,,,,,,,,,,,,,,,,,,,,,,,,,,,1.55,1.49,1.54,1.48,1.54,1.57,1.56,1.51,1.5,1.5,,,,,,,,,,,,,,,,,,,,,,,,,,,,,,,,,,,,,,,,,,,,,,,,,,,,,,,,,,,,272324.0,368357.0,247838.0,245804.0,310921.0,298551.0,164287.0,79139.0,203580.0,86750.0
NMG,Nation Media Group,Consumer Services,Media,,,,,,,,,,,,,,,,,,,,,,,,,,,,,,,,,,,,,,,,,,,,,,,,,,,,,,,,,,,,14.5,14.55,14.4,14.05,14.3,14.25,14.3,14.0,14.0,13.9,,,,,,,,,,,,,,,,,,,,,,,,,,,,,,,,,,,,,,,,,,,,,,,,,,,,,,,,,,,,8133.0,21059.0,14946.0,7885.0,15103.0,4661.0,33117.0,3536.0,2719.0,69329.0
NSE,Nairobi Securities Exchange Limited,Financials,—,,,,,,,,,,,,,,,,,,,,,,,,,,,,,,,,,,,,,,,,,,,,,,,,,,,,,,,,,,,,22.05,21.9,21.65,22.45,22.35,21.5,21.5,21.3,21.45,21.9,,,,,,,,,,,,,,,,,,,,,,,,,,,,,,,,,,,,,,,,,,,,,,,,,,,,,,,,,,,,235678.0,296731.0,770422.0,574992.0,467680.0,1112931.0,1925084.0,83869.0,228741.0,177373.0
OCH,Olympia Capital Holdings Limited,Industrials,—,,,,,,,,,,,,,,,,,,,,,,,,,,,,,,,,,,,,,,,,,,,,,,,,,,,,,,,,,,,,8.18,8.18,8.04,8.18,7.78,7.68,7.82,7.78,7.08,7.76,,,,,,,,,,,,,,,,,,,,,,,,,,,,,,,,,,,,,,,,,,,,,,,,,,,,,,,,,,,,847.0,12305.0,5405.0,45842.0,4858.0,6667.0,3838.0,21535.0,713.0,4015.0
PORT,East African Portland Cement Co. Ltd,Industrials,—,,,,,,,,,,,,,,,,,,,,,,,,,,,,,,,,,,,,,,,,,,,,,,,,,,,,,,,,,,82.5,,84.25,80.5,84.75,84.0,82.25,83.25,83.75,83.75,83.75,82.25,,,,,,,,,,,,,,,,,,,,,,,,,,,,,,,,,,,,,,,,,,,,,,,,,,,,,,,,,,1778.0,,1230.0,16898.0,959.0,3017.0,4646.0,15710.0,5391.0,289.0,1307.0,245.0
SCAN,ScanGroup Limited,Consumer Services,—,,,,,,,,,,,,,,,,,,,,,,,,,,,,,,,,,,,,,,,,,,,,,,,,,,,,,,,,,,2.45,,2.43,2.42,2.47,2.48,2.43,2.43,2.32,2.36,2.4,2.43,,,,,,,,,,,,,,,,,,,,,,,,,,,,,,,,,,,,,,,,,,,,,,,,,,,,,,,,,,208347.0,,91287.0,69000.0,47004.0,74243.0,33982.0,258019.0,303587.0,150267.0,24613.0,37924.0
SGL,Standard Group Limited,Consumer Services,—,,,,,,,,,,,,,,,,,,,,,,,,,,,,,,,,,,,,,,,,,,,,,,,,,,,,,,,,,,,,6.42,6.14,6.38,6.34,6.22,6.16,6.32,6.32,6.26,6.16,,,,,,,,,,,,,,,,,,,,,,,,,,,,,,,,,,,,,,,,,,,,,,,,,,,,,,,,,,,,3129.0,4849.0,7981.0,1407.0,4560.0,8301.0,18915.0,15976.0,4378.0,3994.0
SKL,Shri Krishana Overseas Ltd,Industrials,General Industrials,,,,,,,,,,,,,,,,,,,,,,,,,,,,,,,,,,,,,,,,,,,,,,,,,,,,,,,,,,,,10.7,10.5,10.05,10.45,10.2,10.35,10.3,10.05,9.82,10.1,,,,,,,,,,,,,,,,,,,,,,,,,,,,,,,,,,,,,,,,,,,,,,,,,,,,,,,,,,,,6409.0,27593.0,11328.0,2472.0,4638.0,984.0,2617.0,5751.0,7061.0,6795.0
SLAM,Sanlam Kenya Plc,Financials,—,,,,,,,,,,,,,,,,,,,,,,,,,,,,,,,,,,,,,,,,,,,,,,,,,,,,,,,,,,,,10.05,10.3,10.15,10.3,10.55,10.45,10.05,10.2,10.3,10.45,,,,,,,,,,,,,,,,,,,,,,,,,,,,,,,,,,,,,,,,,,,,,,,,,,,,,,,,,,,,33431.0,17547.0,30648.0,33127.0,5182.0,21735.0,52527.0,8096.0,69122.0,6862.0
SMER,Sameer Africa Plc,Consumer Goods,—,,,,,,,,,,,,,,,,,,,,,,,,,,,,,,,,,,,,,,,,,,,,,,,,,,,,,,,,,,,,20.25,20.45,19.85,19.4,19.8,18.3,16.95,16.95,17.05,18.15,,,,,,,,,,,,,,,,,,,,,,,,,,,,,,,,,,,,,,,,,,,,,,,,,,,,,,,,,,,,51712.0,11106.0,17767.0,15496.0,10601.0,34956.0,43080.0,37131.0,104127.0,48800.0
SMWF,Satrix MSCI World Feeder ETF,Financials,Investment Services,,,,,,,,,,,,,,,,,,,,,,,,,,,,,,,,,,,,,,,,,,,,,,,,,,,,,,,,,,,,850.0,850.0,850.0,850.0,850.0,851.0,851.0,865.0,865.0,865.0,,,,,,,,,,,,,,,,,,,,,,,,,,,,,,,,,,,,,,,,,,,,,,,,,,,,,,,,,,,,30.0,56.0,27.0,50.0,188.0,50.0,1246.0,61.0,9.0,36.0
TCL,Trans Century Limited,Industrials,—,,,,,,,,,,,,,,,,,,,,,,,,,,,1.16,1.18,1.17,1.17,1.19,1.17,1.2,1.21,1.2,1.12,,,,,,,,,,,,,,,,,,,,,,,,,,,,,,,,,,,,,,,,,,,,,,,,,,,,,,,,,,,,49700.0,249800.0,508900.0,90000.0,85500.0,274800.0,216200.0,30900.0,14900.0,493600.0,,,,,,,,,,,,,,,,,,,,,,,,,,,,,,,,,
TPSE,TPS Eastern Africa Serena Limited,Consumer Services,—,,,,,,,,,,,,,,,,,,,,,,,,,,,,,,,,,,,,,,,,,,,,,,,,,,15.8,,,16.25,,16.85,16.95,,17.3,,17.2,17.1,17.2,17.2,16.55,17.1,16.2,16.4,17.0,16.85,,,,,,,,,,,,,,,,,,,,,,,,,,,,,,,,,,,,,,,,,,,,,,,,,,462.0,,,122548.0,,6224.0,96921.0,,7678.0,,1628.0,1028.0,2705.0,2297.0,9918.0,13632.0,5732.0,4595.0,421.0,1382.0
UCHM,Uchumi Supermarket Limited,Consumer Services,—,,,,,,,,,,,,,,,,,,,,,,,,,,,,,,,,,,,,,,,,,,,,,,,,,,,,,,,,,,,,2.21,2.43,2.67,2.93,2.71,2.45,2.21,1.99,1.8,1.82,,,,,,,,,,,,,,,,,,,,,,,,,,,,,,,,,,,,,,,,,,,,,,,,,,,,,,,,,,,,1285338.0,1098419.0,1922280.0,2394342.0,1262142.0,626230.0,156265.0,360133.0,1463534.0,1895807.0
UMME,Umeme Limited,Utilities,—,,,,,,,,,,,,,,,,,,,,,,,,,,,,,,,,,,,,,,,,,,,,,,,,,,,,,,,,,,,,8.9,9.06,8.96,8.84,8.8,8.46,8.72,8.9,8.88,8.66,,,,,,,,,,,,,,,,,,,,,,,,,,,,,,,,,,,,,,,,,,,,,,,,,,,,,,,,,,,,2003600.0,49170.0,41527.0,83794.0,60524.0,31179.0,35616.0,36722.0,30496.0,35275.0
UNGA,Unga Group Limited,Consumer Goods,—,,,,,,,,,,,,,,,,,,,,,,,,,,,,,,,,,,,,,,,,,,,,,,,,,,,,,,,,,,27.15,,25.55,24.95,28.2,30.95,32.55,32.55,32.55,31.4,31.0,30.05,,,,,,,,,,,,,,,,,,,,,,,,,,,,,,,,,,,,,,,,,,,,,,,,,,,,,,,,,,4285.0,,3502.0,1960.0,42667.0,84195.0,20920.0,18876.0,2188.0,8266.0,12302.0,5309.0
WTK,Williamson Tea Kenya Limited,Consumer Goods,—,,,,,,,,,,,,,,,,,,,,,,,,,,,,,,,,,,,,,,,,,,,,,,,,,,,,,,,,,,,,143.5,142.75,145.0,143.0,142.25,141.0,141.0,143.0,142.25,140.0,,,,,,,,,,,,,,,,,,,,,,,,,,,,,,,,,,,,,,,,,,,,,,,,,,,,,,,,,,,,7771.0,19567.0,136091.0,74064.0,13608.0,16593.0,5105.0,8478.0,7971.0,204825.0
XPRS,Express Kenya Limited,Consumer Services,—,,,,,,,,,,,,,,,,,,,,,,,,,,,,,,,,,,,,,,,,,,,,,,,,,,,,,,,,,,,,7.94,7.96,7.68,7.58,7.82,7.78,7.98,7.98,7.68,7.56,,,,,,,,,,,,,,,,,,,,,,,,,,,,,,,,,,,,,,,,,,,,,,,,,,,,,,,,,,,,6781.0,5893.0,17029.0,28447.0,13851.0,4910.0,8135.0,1749.0,35137.0,20366.0
